{
  "formatVersion": 1,
  "database": {
    "version": 1,
    "identityHash": "fa5cd6ffe8b062e366518a9ad9a79949",
    "entities": [
      {
        "tableName": "lancamentos",
        "createSql": "CREATE TABLE IF NOT EXISTS `${TABLE_NAME}` (`id` INTEGER PRIMARY KEY AUTOINCREMENT NOT NULL, `valor_lancamento` REAL NOT NULL, `descricao` TEXT NOT NULL, `natureza` TEXT NOT NULL, `categoria` TEXT NOT NULL, `data_lancamento` INTEGER NOT NULL, `data_criacao` INTEGER NOT NULL)",
        "fields": [
          {
            "fieldPath": "id",
            "columnName": "id",
            "affinity": "INTEGER",
            "notNull": true
          },
          {
            "fieldPath": "valor",
            "columnName": "valor_lancamento",
            "affinity": "REAL",
            "notNull": true
          },
          {
            "fieldPath": "descricao",
            "columnName": "descricao",
            "affinity": "TEXT",
            "notNull": true
          },
          {
            "fieldPath": "natureza",
            "columnName": "natureza",
            "affinity": "TEXT",
            "notNull": true
          },
          {
            "fieldPath": "categoria",
            "columnName": "categoria",
            "affinity": "TEXT",
            "notNull": true
          },
          {
            "fieldPath": "dataLancamento",
            "columnName": "data_lancamento",
            "affinity": "INTEGER",
            "notNull": true
          },
          {
            "fieldPath": "dataCriacao",
            "columnName": "data_criacao",
            "affinity": "INTEGER",
            "notNull": true
          }
        ],
        "primaryKey": {
          "autoGenerate": true,
          "columnNames": [
            "id"
          ]
        },
        "indices": [],
        "foreignKeys": []
      }
    ],
    "views": [],
    "setupQueries": [
      "CREATE TABLE IF NOT EXISTS room_master_table (id INTEGER PRIMARY KEY,identity_hash TEXT)",
      "INSERT OR REPLACE INTO room_master_table (id,identity_hash) VALUES(42, 'fa5cd6ffe8b062e366518a9ad9a79949')"
    ]
  }
}